Title,Company,Reword,Link
JAVA REACT / WEBFORNT-K GUI개발,파이오링크,합격보상금 100만원,https://www.wanted.co.kr//wd/75911
AI 개발 자바 개발자(Senior),구하다,합격보상금 100만원,https://www.wanted.co.kr//wd/234915
Java Back-End 엔지니어 (7년 이상),그린도트,합격보상금 100만원,https://www.wanted.co.kr//wd/246920
자바스크립트 백엔드 시니어 개발자,지씨미디어,합격보상금 100만원,https://www.wanted.co.kr//wd/260096
JAVA 웹개발자 대리급 (만 3년-6년 미만),스카이웨어,합격보상금 100만원,https://www.wanted.co.kr//wd/263259
"[XR 콘텐츠 클라우드] 백엔드 개발 (Go, Java)",올림플래닛(OLIM PLANET),합격보상금 100만원,https://www.wanted.co.kr//wd/215576
JAVA 풀스택 웹개발자 (5년이상),블루비즈,합격보상금 100만원,https://www.wanted.co.kr//wd/257517
JAVA/KOTLIN 웹 개발자,레전더리홀딩스,합격보상금 100만원,https://www.wanted.co.kr//wd/255146
JAVA REACT / WEBFORNT-K GUI개발,파이오링크,합격보상금 100만원,https://www.wanted.co.kr//wd/75911
AI 개발 자바 개발자(Senior),구하다,합격보상금 100만원,https://www.wanted.co.kr//wd/234915
Java Back-End 엔지니어 (7년 이상),그린도트,합격보상금 100만원,https://www.wanted.co.kr//wd/246920
자바스크립트 백엔드 시니어 개발자,지씨미디어,합격보상금 100만원,https://www.wanted.co.kr//wd/260096
JAVA 웹개발자 대리급 (만 3년-6년 미만),스카이웨어,합격보상금 100만원,https://www.wanted.co.kr//wd/263259
"[XR 콘텐츠 클라우드] 백엔드 개발 (Go, Java)",올림플래닛(OLIM PLANET),합격보상금 100만원,https://www.wanted.co.kr//wd/215576
JAVA 풀스택 웹개발자 (5년이상),블루비즈,합격보상금 100만원,https://www.wanted.co.kr//wd/257517
JAVA/KOTLIN 웹 개발자,레전더리홀딩스,합격보상금 100만원,https://www.wanted.co.kr//wd/255146
[SSEM] 백엔드 시니어 개발자 (JAVA / 5-7년),널리소프트,합격보상금 100만원,https://www.wanted.co.kr//wd/257959
[플랫폼개발팀] Java 주니어 개발자,델레오코리아(deleo),합격보상금 100만원,https://www.wanted.co.kr//wd/119078
Java Senior 개발자 (플랫폼개발팀),델레오코리아(deleo),합격보상금 100만원,https://www.wanted.co.kr//wd/227146
자바 시니어 개발자,다날(Danal),합격보상금 100만원,https://www.wanted.co.kr//wd/254951
"[판교] 풀스택 엔지니어 (PHP, JavaScript)",지란지교소프트,합격보상금 100만원,https://www.wanted.co.kr//wd/250747
웹 개발자 (JAVA),제로더,합격보상금 100만원,https://www.wanted.co.kr//wd/220672
JAVA 강사,런타임,합격보상금 100만원,https://www.wanted.co.kr//wd/231466
Java 개발,아주큐엠에스,합격보상금 100만원,https://www.wanted.co.kr//wd/231169
[인텔리전스랩스] 인증/세션 서비스 백엔드 개발자 (Java),넥슨코리아(NEXON),합격보상금 100만원,https://www.wanted.co.kr//wd/212559
"[기업부설연구소] 플랫폼 개발팀장 [JAVA, SPRINGBOOT5+]",아인잡(AINJOB),합격보상금 100만원,https://www.wanted.co.kr//wd/140981
Java Back-End,미니레코드,합격보상금 100만원,https://www.wanted.co.kr//wd/261376
[프론트엔드 Javascript] 개발자,제로더,합격보상금 100만원,https://www.wanted.co.kr//wd/259018
자율주행 데이터 솔루션 JAVA 백엔드 개발자,파트리지시스템즈,합격보상금 100만원,https://www.wanted.co.kr//wd/256497
[공비서] 자바/코틀린 백엔드 개발자,헤렌,합격보상금 100만원,https://www.wanted.co.kr//wd/259570
Java 주니어 개발자 (Back-end),유핀테크허브(유트랜스퍼),합격보상금 100만원,https://www.wanted.co.kr//wd/165762
Java 개발자,메사쿠어컴퍼니,합격보상금 100만원,https://www.wanted.co.kr//wd/261671
풀스택 자바 + JQuery 개발자,마인드시프트,합격보상금 100만원,https://www.wanted.co.kr//wd/257972
"Java Backend(API, 5년이상)",트래포트,합격보상금 100만원,https://www.wanted.co.kr//wd/260906
자율주행 데이터 솔루션 JAVA 백엔드 개발자(5년 이상),파트리지시스템즈,합격보상금 100만원,https://www.wanted.co.kr//wd/255185
스마트빌 JAVA 개발자,비즈니스온커뮤니케이션,합격보상금 100만원,https://www.wanted.co.kr//wd/258698
[AI 로보MD] 웹 풀스택 개발자 (JAVA/Kotlin/React),아이클레이브,합격보상금 100만원,https://www.wanted.co.kr//wd/254211
JAVA Backend(백엔드) Engineer,아이지넷(보닥),합격보상금 100만원,https://www.wanted.co.kr//wd/259692
Java Backend 서비스 개발자,트럼피아,합격보상금 100만원,https://www.wanted.co.kr//wd/244932
Java 백엔드 개발자 (미들급),아파트아이,합격보상금 100만원,https://www.wanted.co.kr//wd/258919
JAVA 백엔드 개발자(3년-5년),브이디크럭스,합격보상금 100만원,https://www.wanted.co.kr//wd/244360
Java 개발자(Cloud Native),엠로(emro),합격보상금 100만원,https://www.wanted.co.kr//wd/256100
Java Back-End 엔지니어 (3~5년),그린도트,합격보상금 100만원,https://www.wanted.co.kr//wd/248907
Java 웹 개발 및 유지보수,휴먼컨설팅그룹,합격보상금 100만원,https://www.wanted.co.kr//wd/236460
JAVA 개발자,위즈코리아,합격보상금 100만원,https://www.wanted.co.kr//wd/254985
프론트엔드 엔지니어 (Javascript),페이히어,합격보상금 100만원,https://www.wanted.co.kr//wd/238021
클라우드 Java 백엔드 개발자,아이파킹,합격보상금 100만원,https://www.wanted.co.kr//wd/225983
[서울 강남] JAVA / JS / TS / Node / Nest 웹 개발자,더썬랩,합격보상금 100만원,https://www.wanted.co.kr//wd/262748
[인텔리전스랩스] SDK API팀 백엔드 개발자 (Java),넥슨코리아(NEXON),합격보상금 100만원,https://www.wanted.co.kr//wd/253531
Javascript 풀스택 개발 (재택근무) (5년이상),큐플레이스,합격보상금 100만원,https://www.wanted.co.kr//wd/257599
JAVA 개발자 (2~5년),오토위니,합격보상금 100만원,https://www.wanted.co.kr//wd/209565
풀스택개발 (java),프라이빗테크놀로지,합격보상금 100만원,https://www.wanted.co.kr//wd/216813
JAVA 개발자 (5년 이상),오토위니,합격보상금 100만원,https://www.wanted.co.kr//wd/201010
Java 백엔드 개발자,케어네이션,합격보상금 100만원,https://www.wanted.co.kr//wd/233119
